a_airtable_id,b_airtable_id
recDO7zTvQ1KaQksg,recXRvKLhWYAArICp
recDO7zTvQ1KaQksg,recQnYKAQQqDrEnm2
recDO7zTvQ1KaQksg,recRYm0k8IbIlR1ny
recDO7zTvQ1KaQksg,recJyn2tt8HX8fIxi
recDO7zTvQ1KaQksg,rec1l48bgP4oen0dg
recDO7zTvQ1KaQksg,reci0PAX15UT6HasR
recDO7zTvQ1KaQksg,recBfOBojQZlUKsIW
recJgSj2nMQhhMQm3,rec02VOqyUOnHMPzQ
recM75qospUCh1DQ3,rec3dwVTZ2HA22RjN
recU9tdgUerFEM9oJ,recyKXNWcvve4pweO
recU9tdgUerFEM9oJ,recJ0Sy8OEkHjYlns
recU9tdgUerFEM9oJ,rec3ArssudPfyLSlL
recU9tdgUerFEM9oJ,recgstukGWwQwhOBI
recU9tdgUerFEM9oJ,recAzjpFOyz2waprM
recU9tdgUerFEM9oJ,recF3He1PR1Bo9voi
recU9tdgUerFEM9oJ,recYTzvlqNTXHvawc
recXSlo6zHhTvnhZe,recVcvY7l7e4nk4Vt
recaOtqLL80xSaYLT,recgTNdPtGsE6oyvi
recocMHgTLuGMcxPf,recwcDAQy89XAYJ2d
recwdBny04rzSGGrO,recIo7Q8Si74dzuDk
reczPINTjlieWiqX3,rec7U4A2SSRKwD3SC
reczPINTjlieWiqX3,recWyQtfuAL3pUM7l
reczPINTjlieWiqX3,recXsvzkxihvq5OEO
reczPINTjlieWiqX3,recT6P7uEB8P0nyYw
reczPINTjlieWiqX3,recWdvTkDFYpLWygR
reczPINTjlieWiqX3,recmq8dsmN1EMusGQ
reczPINTjlieWiqX3,rec5XW9o8RaPGPb5i